"b","f","n","blurring","five_means_ce","five_means_pe","four_means_ce","four_means_pe","three_means_ce","three_means_pe","two_means_ce","two_means_pe",SCT_ce,"SCT_pe"
10,152,24,2,0.49429657794676807,0.32452830188679244,-3.03041825095057,-5.615094339622641,-2.9543726235741445,-5.6987840670859535,-0.564638783269962,-0.8564360587002097
44,235,7,2,0.5141776937618148,0.39738152314217223,1.0,-7.297990042411949,1.0,-7.297990042411949,0.22306238185255198,-0.8353309976028028
29,88,12,2,0.5126705653021443,0.29471788715486197,1.0,-8.003601440576231,1.0,-8.003601440576231,-1.8362573099415205,-1.3438375350140057
6,187,20,2,0.46265560165975106,0.503390979993218,-3.103734439834025,-5.131146151237708,-3.219917012448133,-5.275093251949814,0.14522821576763487,-0.7299932180400136
27,183,23,2,0.47534516765285995,0.4787393256448631,0.8224852071005917,-6.912052117263844,0.8520710059171598,-6.914076943392904,-0.3057199211045365,-0.8646007571089004
37,170,13,2,0.5411764705882353,0.5316434586842325,1.0,-6.504377553572917,1.0,-6.504377553572917,0.2372549019607843,-0.7404319186191946
16,103,7,2,0.5402298850574713,0.5408822443706165,1.0,-7.305647840531561,1.0,-7.305647840531561,0.21264367816091953,-0.7817460317460317
20,74,25,2,0.351129363449692,0.23862788963460105,-0.37782340862423,-6.336150468141519,-0.28952772073921973,-6.347419007374264,-1.7166324435318274,-1.8599718286519182
6,108,19,2,0.4671968190854871,0.28721232368225685,-2.914512922465209,-5.727264291017075,-3.0656063618290257,-5.879547141796585,-1.31610337972167,-1.073589458054937
11,122,7,2,0.4533898305084746,0.5489084447453038,0.9788135593220338,-6.614401760027078,0.9915254237288136,-6.615163310204772,0.19703389830508475,-0.7421729565070232
31,165,11,2,0.4881720430107527,0.5347946181947786,1.0,-7.019246190858059,1.0,-7.019246190858059,0.221505376344086,-0.7517597790252161
27,90,25,2,0.4360587002096436,0.2165639724537876,0.7253668763102725,-7.137549836897427,0.7589098532494759,-7.139815150416817,-2.1362683438155137,-1.9507973903588256
45,153,6,2,0.5698324022346368,0.5452649540240782,1.0,-7.53161437103043,1.0,-7.53161437103043,0.25139664804469275,-0.834676272632477
42,226,20,2,0.4879518072289157,0.5157790035265395,1.0,-7.1381680079573195,1.0,-7.1381680079573195,0.13855421686746988,-0.7985351297585677
14,80,12,2,0.4709193245778612,0.27912857420735265,0.7861163227016885,-7.737307916747715,0.851782363977486,-7.742170783894184,-1.2439024390243902,-1.1634895934643066
4,153,5,2,0.5252918287937743,0.5224436741767764,-2.3268482490272375,-6.266031195840554,-1.4494163424124513,-6.4896013864818025,0.23346303501945526,-0.7716637781629117
48,209,10,2,0.5019762845849802,0.5364525733730328,1.0,-6.656316461080391,1.0,-6.656316461080391,0.2608695652173913,-0.7475967673330498
38,200,7,2,0.5854616895874263,0.5553491101114806,1.0,-7.801095247408567,1.0,-7.801095247408567,0.23968565815324164,-0.8442206141208684
46,116,20,2,0.39156626506024095,0.31085420680796405,1.0,-6.22543352601156,1.0,-6.22543352601156,-1.9598393574297188,-1.1842485549132948
17,165,8,2,0.4989648033126294,0.542033152909337,1.0,-6.611637347767253,1.0,-6.611637347767253,0.2401656314699793,-0.7361299052774019
29,92,13,2,0.501002004008016,0.2901323955316508,1.0,-8.309060819197352,1.0,-8.309060819197352,-1.9879759519038076,-1.4449731071576335
47,199,25,2,0.5300970873786408,0.3080406654343808,1.0,-7.317929759704251,1.0,-7.317929759704251,-0.883495145631068,-0.9500924214417745
8,187,21,2,0.5260115606936416,0.5207080545439147,-2.9614643545279384,-5.513339544338105,-2.94990366088632,-5.6261539764546455,0.15414258188824662,-0.7581942915219785
41,102,15,2,0.47764227642276424,0.28171302934709874,1.0,-7.603383997705764,1.0,-7.603383997705764,-2.2439024390243905,-1.486569161648026
31,201,9,2,0.45824847250509165,0.5296365621587896,1.0,-6.019185774450164,1.0,-6.019185774450164,0.25865580448065173,-0.7204804242707846
7,137,25,2,0.5360169491525424,0.30391439546369126,-3.1038135593220337,-5.5054874702762024,-3.2711864406779663,-5.620449972562649,-1.5233050847457628,-1.0374977135540515
9,162,13,2,0.535181236673774,0.5372350063417286,-2.021321961620469,-6.759014314187353,-1.5863539445628998,-6.844627649936583,0.22174840085287847,-0.7546657003080268
6,164,11,2,0.5695732838589982,0.4350463167181297,-2.836734693877551,-7.73103220114689,-2.5918367346938775,-7.996140273489193,0.20964749536178107,-0.9461843846493163
23,122,23,2,0.4970873786407767,0.29640178486660973,0.5087378640776699,-7.504034937814488,0.5592233009708738,-7.508686983765309,-1.966990291262136,-1.3922908952814963
35,88,9,2,0.4742489270386266,0.3060702311628728,1.0,-6.940709370037057,1.0,-6.940709370037057,-0.9420600858369099,-0.8919181224633845
47,153,9,2,0.47,0.5669445389588296,1.0,-6.655665192242259,1.0,-6.655665192242259,0.182,-0.7561245321537938
5,97,15,2,0.5058823529411764,0.3457262620739931,-2.7627450980392156,-5.513850920357208,-2.929411764705882,-5.725441953708766,-0.7196078431372549,-0.9666484417714598
8,143,7,2,0.5906432748538012,0.5507567041331092,0.4327485380116959,-6.9217629878750335,0.6686159844054581,-6.94247278520223,0.24951267056530213,-0.7410390300026551
13,148,12,2,0.5436105476673428,0.5322640117994101,0.48073022312373226,-7.258019911504425,0.6267748478701826,-7.2690818584070795,0.20081135902636918,-0.7777470501474927
43,177,20,2,0.4580896686159844,0.46284765462847655,1.0,-6.4719800747198,1.0,-6.4719800747198,-0.2573099415204678,-0.7907015359070153
49,119,10,2,0.4837476099426386,0.49523657033063806,1.0,-6.205187735169322,1.0,-6.205187735169322,-0.06883365200764818,-0.7412537026659195
26,209,6,2,0.5112474437627812,0.35636758321273515,1.0,-7.140376266280753,1.0,-7.140376266280753,0.23721881390593047,-0.787807525325615
5,81,22,2,0.4218106995884774,0.3194733194733195,-2.5473251028806585,-4.8925848925848925,-2.6872427983539096,-4.974272349272349,-2.117283950617284,-1.3948371448371448
17,183,17,2,0.47,0.5227046481353855,0.412,-5.854353319549736,0.538,-5.863236082395283,0.222,-0.6752431273451259
46,230,12,2,0.47283702213279677,0.5435621354867654,1.0,-7.075370121130552,1.0,-7.075370121130552,0.2152917505030181,-0.796052041274114
42,161,18,2,0.4829059829059829,0.46430077301475753,1.0,-5.324666198172874,1.0,-5.324666198172874,0.0405982905982906,-0.6068868587491216
11,81,13,2,0.4922779922779923,0.30562229697260934,-0.555984555984556,-7.485920230658337,-0.2644787644787645,-7.525612686208554,-1.3783783783783783,-1.1498318116290245
45,173,21,2,0.501010101010101,0.3303370786516854,1.0,-7.426966292134831,1.0,-7.426966292134831,-1.0565656565656565,-0.9720973782771536
7,171,14,2,0.5480225988700564,0.5329232995658466,-2.8192090395480225,-6.21671490593343,-2.64030131826742,-6.369030390738061,0.2128060263653484,-0.7756874095513748
12,239,23,2,0.5437262357414449,0.5288515934376767,-2.568441064638783,-6.769752970016971,-2.3840304182509504,-6.853667735244201,0.1444866920152091,-0.8278333019045823
37,177,23,2,0.553875236294896,0.3207746141309558,0.998109640831758,-7.62803182820439,0.998109640831758,-7.62803182820439,-0.9262759924385633,-1.0240628894640973
11,222,8,2,0.4850894632206759,0.517009093971034,0.9025844930417495,-6.572835971707645,0.94831013916501,-6.5753620747726504,0.2286282306163022,-0.7422532839339845
22,227,7,2,0.45114345114345117,0.5854537591004109,1.0,-5.487421610322208,1.0,-5.487421610322208,0.19542619542619544,-0.6657536221437325
31,110,18,2,0.533203125,0.2940856313497823,1.0,-7.16400580551524,1.0,-7.16400580551524,-1.75390625,-1.2236937590711177
38,239,22,2,0.4729458917835671,0.5160485328285002,1.0,-6.7446002925737885,1.0,-6.7446002925737885,0.1743486973947896,-0.7676619912227863
11,144,9,2,0.5199203187250996,0.5405483684108902,0.750996015936255,-7.671172040934543,0.8446215139442231,-7.678123189804982,0.20916334661354583,-0.8208148291175903
49,233,10,2,0.5412474849094567,0.5501343808145545,1.0,-8.303287161463718,1.0,-8.303287161463718,0.22132796780684105,-0.8701674591689064
19,144,9,2,0.4288577154308617,0.5383177570093458,1.0,-5.728971962616822,1.0,-5.728971962616822,0.22444889779559118,-0.682841121495327
28,208,17,2,0.4553191489361702,0.525775734690527,0.997872340425532,-6.387867345263504,0.997872340425532,-6.387867345263504,0.251063829787234,-0.7222131012969956
19,230,8,2,0.5148514851485149,0.5020579452828666,1.0,-6.263336292470341,1.0,-6.263336292470341,0.2376237623762376,-0.7139052538132515
39,175,23,2,0.4797570850202429,0.3255910755910756,0.9979757085020243,-6.492424242424242,0.9979757085020243,-6.492424242424242,-0.5546558704453441,-0.8294205794205795
41,103,22,2,0.4419475655430712,0.23847167325428195,0.99812734082397,-6.905050505050505,0.99812734082397,-6.905050505050505,-1.9194756554307115,-1.7104962670180062
22,157,18,2,0.5115830115830116,0.49613086492310704,0.8803088803088803,-7.807228915662651,0.9054054054054054,-7.809187971397786,-0.4305019305019305,-0.9504358899010676
4,78,9,2,0.456,0.5029416571335186,-2.916,-5.137685896388299,-2.988,-5.398349403497304,0.134,-0.7327994770387318
32,158,15,2,0.4794238683127572,0.5087440381558028,1.0,-6.530750564806293,1.0,-6.530750564806293,0.1419753086419753,-0.745544305915823
28,174,21,2,0.4375,0.44375470278404816,0.9479166666666666,-7.461907449209932,0.9604166666666667,-7.4625658389766745,-0.5854166666666667,-0.9208991723100075
6,63,16,2,0.492,0.31829705393828134,-3.164,-5.5857155345747005,-3.192,-5.679517440335694,-2.126,-1.3968878398461404
50,163,24,2,0.5191919191919192,0.29764545299436956,1.0,-6.6778706705340385,1.0,-6.6778706705340385,-1.3818181818181818,-1.0012796451117556
18,117,19,2,0.5484536082474227,0.29583118888317034,0.20618556701030927,-8.19063304168811,0.30927835051546393,-8.20144107050952,-1.954639175257732,-1.3269171384457026
13,203,18,2,0.5,0.5444425560842964,-1.3016528925619835,-6.413494221617947,-0.9834710743801653,-6.456152277362339,0.24173553719008264,-0.7446464989802856
12,193,23,2,0.44565217391304346,0.5080659302121691,-3.0739130434782607,-6.2149745747852005,-2.9130434782608696,-6.292916009118008,-0.08478260869565217,-0.7773101876205506
44,170,8,2,0.5238095238095238,0.5507762789513871,1.0,-6.635530669381522,1.0,-6.635530669381522,0.22857142857142856,-0.7685585814880801
37,206,19,2,0.4880694143167028,0.5082034792645725,1.0,-6.4202325006183525,1.0,-6.4202325006183525,0.13882863340563992,-0.7039327232253277
19,198,20,2,0.49500998003992014,0.5044528769457136,0.32335329341317365,-5.92457213660652,0.4590818363273453,-5.9343297452179975,0.2055888223552894,-0.6824130720978858
29,99,18,2,0.42714570858283435,0.3053304904051173,0.9940119760479041,-6.675565031982942,0.9960079840319361,-6.675650319829424,-1.8642714570858283,-1.2221748400852879
41,207,7,2,0.4647887323943662,0.3862115127175368,1.0,-6.530120481927711,1.0,-6.530120481927711,0.23742454728370221,-0.7715026773761714
24,95,23,2,0.42094017094017094,0.2315266133749269,0.6068376068376068,-7.746441801520764,0.6538461538461539,-7.750048742444921,-2.2628205128205128,-1.9289335153051277
30,82,10,2,0.4762886597938144,0.30007259820924415,1.0,-6.259820924417197,1.0,-6.259820924417197,-0.954639175257732,-0.8376220053238687
7,146,8,2,0.5389344262295082,0.5521042084168337,-1.1987704918032787,-7.762625250501002,-0.555327868852459,-7.857915831663327,0.22131147540983606,-0.8453907815631263
50,110,18,2,0.46153846153846156,0.2948453608247423,1.0,-7.068130883012103,1.0,-7.068130883012103,-1.9305816135084428,-1.5555356342447333
41,236,21,2,0.4261954261954262,0.524603237897759,1.0,-6.177605869686578,1.0,-6.177605869686578,0.22245322245322247,-0.7147300422681234
28,210,16,2,0.43333333333333335,0.5121042830540037,1.0,-5.446067898581865,1.0,-5.446067898581865,0.22,-0.6191090101704627
26,191,15,2,0.5412667946257198,0.541511091587964,1.0,-8.883593235229519,1.0,-8.883593235229519,0.1036468330134357,-0.958818361519877
5,121,21,2,0.5,0.29762346825102115,-2.2471698113207546,-5.25909766060156,-2.4981132075471697,-5.425826216115856,-1.0415094339622641,-1.058670627552915
39,155,20,2,0.538,0.2921402660217654,1.0,-6.255139056831923,1.0,-6.255139056831923,-0.65,-0.7663039097138251
35,224,18,2,0.45585215605749485,0.5427653820148749,1.0,-6.606490872210953,1.0,-6.606490872210953,0.19096509240246407,-0.7440838404327248
16,193,22,2,0.43313373253493015,0.49650405212140475,-1.1137724550898203,-5.948116955347211,-0.8622754491017964,-5.979342126171937,0.09381237524950099,-0.7116637533767678
43,141,22,2,0.4816247582205029,0.30479951918949083,1.0,-6.727311754099768,1.0,-6.727311754099768,-1.4970986460348163,-1.0949600755559372
14,136,5,2,0.541501976284585,0.5242408557625949,1.0,-6.763975155279503,1.0,-6.763975155279503,0.21936758893280633,-0.7496549344375432
26,189,7,2,0.48917748917748916,0.5619806966009232,1.0,-6.553503986571548,1.0,-6.553503986571548,0.19913419913419914,-0.7158203944607637
11,135,11,2,0.5407554671968191,0.5331366946262328,0.17892644135188868,-7.223154207761084,0.3836978131212724,-7.246750852613144,0.21272365805168986,-0.8004424370909762
29,119,10,2,0.48125,0.5068696009872481,1.0,-6.4043603455368165,1.0,-6.4043603455368165,0.18333333333333332,-0.7313039901275196
46,149,11,2,0.49166666666666664,0.5280118127334318,1.0,-6.81725006514375,1.0,-6.81725006514375,0.14166666666666666,-0.7429861895248849
11,128,14,2,0.5105973025048169,0.49510924216107505,-0.9980732177263969,-6.99323521345644,-0.6551059730250481,-7.0461650973580765,-0.015414258188824663,-0.8294176798610476
42,192,13,2,0.5118577075098815,0.5551257253384912,1.0,-7.704061895551257,1.0,-7.704061895551257,0.21739130434782608,-0.8429400386847196
14,236,24,2,0.46464646464646464,0.5149135192375573,-2.1818181818181817,-6.445640663607484,-2.0161616161616163,-6.503000352982704,0.11717171717171718,-0.7855630074126367
2,96,10,2,0.4943181818181818,0.5097158649278867,-1.0928030303030303,-4.2347352966577425,-1.8181818181818181,-4.591501856809741,0.16666666666666666,-0.7841782537352103
7,68,6,2,0.5211538461538462,0.5256522779861167,0.5019230769230769,-6.14609431101891,0.7326923076923076,-6.164366073565787,0.22115384615384615,-0.7127583180403734
6,135,19,2,0.4435483870967742,0.5061521720934126,-2.9254032258064515,-5.075834937641249,-3.0806451612903225,-5.230518121704193,-0.18548387096774194,-0.7707374236209927
41,182,7,2,0.5208747514910537,0.5844271809983034,1.0,-7.036431824270024,1.0,-7.036431824270024,0.21868787276341947,-0.773283328868649
33,230,19,2,0.5265225933202358,0.5258236865538736,1.0,-7.014247551202137,1.0,-7.014247551202137,0.19646365422396855,-0.7861086375779163
12,199,14,2,0.5232815964523282,0.5149197905411022,-0.6097560975609756,-6.349015044468456,-0.31929046563192903,-6.377524727786551,0.21286031042128603,-0.6871415509932673
13,144,19,2,0.5435203094777563,0.4817448616772179,-1.4893617021276595,-6.500823866100078,-1.2108317214700193,-6.554071632989333,-0.2437137330754352,-0.7936865839909808
40,197,7,2,0.5151515151515151,0.5544703897718193,1.0,-6.9907662256947525,1.0,-6.9907662256947525,0.23232323232323232,-0.759921868063571
30,124,23,2,0.5282258064516129,0.2903555373927258,0.9516129032258065,-8.191152431548835,0.9516129032258065,-8.191356763383736,-2.3024193548387095,-1.6639762975071517
35,117,14,3,0.43346007604562736,0.3908595387840671,1.0,-6.547169811320755,1.0,-6.547169811320755,-1.7338403041825095,-0.8818448637316562
12,97,19,3,0.39697542533081287,0.3410473907431311,-3.398865784499055,-6.665314401622718,-3.2665406427221173,-6.70099575880509,-2.9565217391304346,-1.4005163193804167
2,54,14,3,0.3216374269005848,0.10874349739895958,-1.3703703703703705,-4.754501800720288,-1.6666666666666667,-4.876850740296119,-3.3294346978557505,-1.9251700680272108
50,186,12,3,0.45020746887966806,0.44548999660902,1.0,-6.62970498474059,1.0,-6.62970498474059,0.15767634854771784,-0.6622583926754833
34,172,5,3,0.47337278106508873,0.3568095783079496,1.0,-6.9232326789330045,1.0,-6.9232326789330045,0.22090729783037474,-0.7692578572057399
9,224,18,3,0.5078431372549019,0.4254982072875844,-4.3352941176470585,-5.606270324355874,-4.280392156862745,-5.675644125740015,0.22156862745098038,-0.6717251730175936
31,141,18,3,0.49233716475095785,0.3748615725359911,0.9808429118773946,-7.3046327057954965,0.9827586206896551,-7.304724990771502,-2.0517241379310347,-0.9900332225913622
27,155,12,3,0.4353182751540041,0.4292816306239125,1.0,-6.457121551081283,1.0,-6.457121551081283,0.17248459958932238,-0.6708095119728229
28,152,19,3,0.43737574552683894,0.3890126206384558,0.9184890656063618,-7.3476243504083145,0.9304174950298211,-7.348181143281366,-1.8349900596421471,-0.9618596881959911
31,240,16,3,0.4661016949152542,0.4112370959553224,0.9978813559322034,-6.615417160264004,0.9978813559322034,-6.615417160264004,0.18220338983050846,-0.675833474361144
29,140,8,3,0.4774193548387097,0.40568475452196384,1.0,-7.019246190858059,1.0,-7.019246190858059,0.2086021505376344,-0.7045353292346075
11,120,11,3,0.4779874213836478,0.425063428778543,-1.09853249475891,-6.999818774918449,-0.7484276729559748,-7.03243928959768,-0.04612159329140461,-0.713664371148967
42,230,5,3,0.5418994413407822,0.35662148070907196,1.0,-7.53161437103043,1.0,-7.53161437103043,0.24394785847299813,-0.8196985496255569
39,233,23,3,0.5020080321285141,0.4499502667510625,0.9859437751004017,-7.1375350393344785,0.9859437751004017,-7.1375350393344785,-0.44176706827309237,-0.7640835518582151
39,151,25,3,0.3827392120075047,0.12273876677689166,0.9681050656660413,-7.751312974129546,0.9699812382739212,-7.751604746158335,-3.076923076923077,-1.534040070025287
28,166,11,3,0.4708171206225681,0.43258232235701904,1.0,-6.79896013864818,1.0,-6.79896013864818,0.21595330739299612,-0.71421143847487
42,240,15,3,0.4762845849802372,0.41573798383666527,1.0,-6.656316461080391,1.0,-6.656316461080391,0.2450592885375494,-0.6814121650361549
3,148,10,3,0.5225933202357563,0.40856639937414435,-2.8408644400785854,-5.340113436338744,-3.337917485265226,-5.595345198513593,0.2200392927308448,-0.8006062976725993
42,187,20,3,0.39156626506024095,0.4181920359666024,1.0,-6.22543352601156,1.0,-6.22543352601156,-0.5522088353413654,-0.6681920359666025
2,127,8,3,0.4616977225672878,0.4000338294993234,-1.94824016563147,-4.196718538565629,-2.712215320910973,-4.458981732070366,0.2277432712215321,-0.6831867388362652
39,178,12,3,0.4468937875751503,0.07550682664460075,1.0,-8.309060819197352,1.0,-8.309060819197352,0.004008016032064128,-0.8252999586263964
10,104,15,3,0.5048543689320388,0.35508317929759703,-3.4815533980582525,-6.738539741219963,-3.353398058252427,-6.780314232902033,-1.912621359223301,-0.9700554528650647
27,125,20,3,0.40655105973025046,0.3533497078004574,0.7996146435452793,-6.611925129160667,0.8131021194605009,-6.612687388837131,-2.5529865125240847,-1.0505632252053867
33,167,23,3,0.4573170731707317,0.3305611318229615,0.9024390243902439,-7.59755281521843,0.9085365853658537,-7.598030780996081,-2.725609756097561,-1.140043972851544
44,121,22,3,0.2830957230142566,0.13055685540477305,1.0,-6.019185774450164,1.0,-6.019185774450164,-3.071283095723014,-1.2285134924348775
11,222,6,3,0.5508474576271186,0.3264130235961222,0.972457627118644,-7.229925004572892,0.9851694915254238,-7.230565209438449,0.19491525423728814,-0.7387964148527529
3,112,25,3,0.3880597014925373,0.13661895270882407,-2.066098081023454,-4.415020837108171,-2.215351812366738,-4.468019568762457,-3.49680170575693,-1.3302228664613154
42,115,10,3,0.45269016697588127,0.11656374062637848,1.0,-8.925011027790031,1.0,-8.925011027790031,-1.9443413729128014,-1.2329069254521394
20,167,6,3,0.5533980582524272,0.3634292224437482,1.0,-7.5445741953859295,1.0,-7.5445741953859295,0.2058252427184466,-0.7991075666951486
11,144,22,3,0.4206008583690987,0.35883183342156344,-4.847639484978541,-5.991618140109406,-4.791845493562231,-6.032027527792483,-2.186695278969957,-0.9049761778718899
1,233,23,3,0.43,0.4572984008166043,-0.768,-3.7513610071452876,-1.006,-3.847312010888057,0.034,-0.6877339231030963
33,104,23,3,0.30196078431372547,0.12502278111900855,0.9019607843137255,-7.196282121377802,0.9117647058823529,-7.196737743757973,-2.996078431372549,-1.8839985420083833
44,167,11,3,0.52046783625731,0.4389769006106735,1.0,-6.965306664306576,1.0,-6.965306664306576,0.16764132553606237,-0.6800601823170193
31,141,6,3,0.5517241379310345,0.3680862831858407,1.0,-7.29646017699115,1.0,-7.29646017699115,0.20689655172413793,-0.7427175516224189
13,161,14,3,0.4444444444444444,0.4426733084267331,-1.1559454191033138,-6.308758821087588,-0.9239766081871345,-6.331672893316729,0.13060428849902533,-0.6722291407222915
35,215,22,3,0.47418738049713194,0.42342486590345046,0.9617590822179732,-6.20342646705628,0.9655831739961759,-6.203746697622288,-0.18738049713193117,-0.6506284524857898
42,114,5,3,0.4703476482617587,0.3994211287988423,1.0,-7.140376266280753,1.0,-7.140376266280753,0.21881390593047034,-0.742040520984081
16,222,13,3,0.4897119341563786,0.3952702702702703,0.41975308641975306,-6.762387387387387,0.5123456790123457,-6.767758142758143,0.16666666666666666,-0.6937803187803188
36,206,13,3,0.468,0.41197641473313423,1.0,-5.891798759476223,1.0,-5.891798759476223,0.212,-0.5985910100313959
10,122,21,3,0.3762575452716298,0.34356213548676534,-4.414486921529175,-6.051772095109914,-4.372233400402415,-6.093853746074473,-2.585513078470825,-1.090354419021983
27,122,20,3,0.36752136752136755,0.3680955727336613,0.8141025641025641,-5.317287420941673,0.8269230769230769,-5.317849613492621,-2.0790598290598292,-0.6992269852424455
24,187,24,3,0.42857142857142855,0.11571359923113887,-0.29922779922779924,-7.549927919269582,-0.22007722007722008,-7.5565593464680445,-1.7702702702702702,-0.9868332532436329
2,237,23,3,0.49696969696969695,0.4460674157303371,-1.195959595959596,-4.382677902621722,-1.4323232323232322,-4.491573033707865,-0.13737373737373737,-0.7456928838951311
17,213,6,3,0.5480225988700564,0.3515738060781476,1.0,-7.140376266280753,1.0,-7.140376266280753,0.2184557438794727,-0.7537988422575976
26,143,23,3,0.4600760456273764,0.2712615500660004,0.35551330798479086,-7.440882519328682,0.3897338403041825,-7.444371110692061,-2.806083650190114,-1.2793701678295304
42,207,18,3,0.4669187145557656,0.090595340811044,1.0,-7.628127696289905,1.0,-7.628127696289905,-0.3799621928166352,-0.8055795225769341
40,145,15,3,0.41749502982107356,0.40215560794880434,1.0,-6.578309195015157,1.0,-6.578309195015157,-0.9721669980119284,-0.7462950488379926
11,208,13,3,0.46361746361746364,0.398832264110142,-1.8960498960498962,-5.288474014272327,-1.5987525987525988,-5.315432855186333,0.17671517671517672,-0.5518633316514092
38,119,23,3,0.380859375,0.12282293178519593,0.9765625,-7.162735849056604,0.982421875,-7.163189404934688,-3.26171875,-1.654299709724238
10,179,25,3,0.45090180360721444,0.39333964374838654,-4.589178356713427,-5.532914551243438,-4.587174348697395,-5.582221839772825,-1.214428857715431,-0.8062989415712933
19,153,5,3,0.5,0.3562463796099633,1.0,-7.688936088047885,1.0,-7.688936088047885,0.20119521912350596,-0.8016026259895733
13,107,22,3,0.3682092555331992,0.11660119909034526,-4.197183098591549,-7.487595617118048,-4.104627766599598,-7.526669423196196,-3.515090543259557,-1.813624147198677
25,121,19,3,0.3346693386773547,0.3456448598130841,0.7635270541082164,-5.718728971962617,0.7835671342685371,-5.719626168224299,-1.937875751503006,-0.7768971962616822
4,80,18,3,0.4085106382978723,0.21613856509604334,-3.1829787234042555,-4.342390412083402,-3.3382978723404255,-4.408717780331637,-3.1425531914893616,-1.1177967493022491
16,71,9,3,0.4534653465346535,0.39407634573480754,0.9821782178217822,-6.262609958841094,0.9841584158415841,-6.262690662577677,-1.3247524752475248,-0.7559519005729965
7,188,8,3,0.48785425101214575,0.35056610056610055,-2.4919028340080973,-6.1874791874791875,-1.9979757085020242,-6.252414252414252,0.2408906882591093,-0.7066267066267067
43,187,11,3,0.5131086142322098,0.40245937637241985,1.0,-6.905138339920948,1.0,-6.905138339920948,0.18164794007490637,-0.720860781730347
10,156,8,3,0.4189189189189189,0.06807718679596435,0.2335907335907336,-7.76187677539426,0.4247104247104247,-7.776765598981291,0.21042471042471042,-0.817024194338329
5,155,14,3,0.442,0.43503840496813206,-3.958,-4.873181892466089,-4.162,-4.995750939696029,0.172,-0.6539467233208041
45,124,18,3,0.38065843621399176,0.33712660028449504,1.0,-6.530750564806293,1.0,-6.530750564806293,-2.9732510288065845,-1.1455108359133126
22,218,5,3,0.4666666666666667,0.08954100827689992,1.0,-7.465011286681715,1.0,-7.465011286681715,0.2125,-0.8071858540255832
17,105,7,3,0.556,0.4217151848937844,1.0,-6.867820613690008,1.0,-6.867820613690008,0.21,-0.6922807937756796
11,83,8,3,0.5111111111111111,0.44480464084627197,0.6525252525252525,-6.6585053745094696,0.7393939393939394,-6.663879883978844,-0.12323232323232323,-0.671045896604675
48,169,12,3,0.5505154639175258,0.43355635615028304,1.0,-8.264024704065877,1.0,-8.264024704065877,-0.3835051546391753,-0.8346886258363355
48,121,9,3,0.45454545454545453,0.4199524133242692,1.0,-6.647858599592114,1.0,-6.647858599592114,-0.38636363636363635,-0.7016485384092455
30,81,23,3,0.08260869565217391,0.1980536559705418,0.7326086956521739,-6.876906891109942,0.7673913043478261,-6.878485007890584,-2.7369565217391303,-2.131246712256707
6,128,21,3,0.44571428571428573,0.35590056842283874,-3.6476190476190475,-4.944175786883855,-3.777142857142857,-5.004835836090608,-1.7695238095238095,-0.8865699499448545
33,146,12,3,0.47071583514099785,0.43779371753648283,1.0,-6.4202325006183525,1.0,-6.4202325006183525,-0.021691973969631236,-0.6308022095803446
14,216,9,3,0.5029940119760479,0.3404321226670797,0.9221556886227545,-5.966235576550763,0.9341317365269461,-5.96693254859444,0.20958083832335328,-0.6353287384806009
24,239,8,3,0.48502994011976047,0.34754797441364604,1.0,-6.67590618336887,1.0,-6.67590618336887,0.2155688622754491,-0.7273347547974414
9,200,5,3,0.45875251509054327,0.34998326639892907,0.9496981891348089,-6.527861445783133,0.971830985915493,-6.528865461847389,0.22132796780684105,-0.7495816599732262
2,101,5,3,0.41025641025641024,0.06385260284655879,-2.1880341880341883,-4.959446285825697,-3.482905982905983,-5.4644180152076425,0.22008547008547008,-0.7708130239812829
29,111,10,3,0.43917525773195876,0.4453496813745261,1.0,-6.259820924417197,1.0,-6.259820924417197,-0.1958762886597938,-0.6448334274421231
14,143,17,3,0.4487704918032787,0.11352705410821644,-2.2868852459016393,-7.7009018036072145,-2.0655737704918034,-7.734468937875752,-1.459016393442623,-0.9601202404809619
39,129,18,3,0.4333958724202627,0.3437920215150157,1.0,-7.068130883012103,1.0,-7.068130883012103,-2.523452157598499,-1.1616315553563425
12,146,25,3,0.36174636174636177,0.3750697822792886,-4.5634095634095635,-5.319961719435362,-4.525987525987526,-5.348512640561449,-2.008316008316008,-0.8370683467581147
18,169,9,3,0.41555555555555557,0.4186362985245667,1.0,-5.446067898581865,1.0,-5.446067898581865,0.18666666666666668,-0.5295802893568257
36,204,8,3,0.43570057581573896,0.07247968372501647,1.0,-8.883593235229519,1.0,-8.883593235229519,0.22840690978886757,-0.8987480781902043
40,141,17,3,0.4716981132075472,0.3350352766431489,1.0,-7.354994430003713,1.0,-7.354994430003713,-2.009433962264151,-1.052729298180468
16,106,22,3,0.428,0.347037484885127,-2.596,-5.926158806932689,-2.456,-5.942765014107215,-3.092,-1.1144699717855704
10,88,13,3,0.4004106776180698,0.37914131169709264,-2.6652977412731005,-6.272058823529412,-2.455852156057495,-6.303837052062204,-1.7946611909650925,-0.8461798512508452
14,144,16,3,0.4171656686626746,0.44017161925949466,-1.4491017964071857,-5.9669474018751,-1.217564870259481,-5.987843635785794,-0.23353293413173654,-0.6400762752264421
29,105,22,3,0.32495164410058025,0.10869751867433673,0.7736943907156673,-6.714690478234739,0.793036750483559,-6.715892504507599,-3.0657640232108316,-1.5156692710569246
14,95,15,3,0.46047430830039526,0.3398895790200138,-1.0711462450592886,-6.614302967563837,-0.950592885375494,-6.626466528640441,-2.389328063241107,-0.9865424430641822
48,186,23,3,0.474025974025974,0.32068820814099874,1.0,-6.553503986571548,1.0,-6.553503986571548,-1.8874458874458875,-0.8120016785564415
19,165,23,3,0.47713717693836977,0.38482809475527696,-1.805168986083499,-7.043967185915752,-1.6600397614314115,-7.059175960918057,-1.874751491053678,-0.9589823946907549
41,222,6,3,0.4895833333333333,0.33204442616207325,1.0,-6.4043603455368165,1.0,-6.4043603455368165,0.2125,-0.7034965034965035
31,218,14,3,0.4895833333333333,0.42134977851124816,1.0,-6.81725006514375,1.0,-6.81725006514375,0.19583333333333333,-0.6828802223573351
21,118,6,3,0.48554913294797686,0.37965079074869734,1.0,-7.227443093518604,1.0,-7.227443093518604,0.18304431599229287,-0.7628668068379194
18,176,23,3,0.45454545454545453,0.12282398452611218,-2.2114624505928853,-7.36972920696325,-2.088932806324111,-7.390425531914894,-1.7114624505928853,-0.9970986460348162
17,145,22,3,0.3939393939393939,0.3566890222379103,-2.278787878787879,-6.629632897987999,-2.16969696969697,-6.64710554182845,-2.1616161616161618,-0.9794387575008825
23,224,7,3,0.509469696969697,0.35322566715605835,1.0,-6.772691942309353,1.0,-6.772691942309353,0.19318181818181818,-0.7544692978668279
33,223,14,3,0.4846153846153846,0.39519668076278625,1.0,-6.181042048990665,1.0,-6.181042048990665,0.20576923076923076,-0.6394318997845687
26,152,5,3,0.4536290322580645,0.3523060182472587,1.0,-6.5332719511174355,1.0,-6.5332719511174355,0.22379032258064516,-0.705197957646271
29,223,22,3,0.4294234592445328,0.0810786677381909,0.7137176938369781,-7.020894722743102,0.7375745526838966,-7.0225913027948925,-0.2524850894632207,-0.7272077864095009
44,101,11,3,0.4302554027504912,0.34559216384683883,1.0,-7.014247551202137,1.0,-7.014247551202137,-2.611001964636542,-1.1071237756010686
39,202,11,3,0.49445676274944567,0.38309367467375943,1.0,-6.480674923115285,1.0,-6.480674923115285,0.20620842572062084,-0.6299559471365639
47,209,24,3,0.48936170212765956,0.37923857427803315,1.0,-6.80504726389732,1.0,-6.80504726389732,-1.2050290135396517,-0.7907380105801752
2,224,10,3,0.5050505050505051,0.3610938471100062,-1.5575757575757576,-4.320784870815946,-2.214141414141414,-4.540619728313948,0.23030303030303031,-0.7307111781940868
22,192,24,3,0.4798387096774194,0.12811606048222313,-1.1290322580645162,-8.011033919084593,-1.0100806451612903,-8.025541479362484,-1.9475806451612903,-1.0555782590927667
7,154,6,4,0.5,0.33970649895178195,-1.3859315589353611,-6.385995807127882,-1.0190114068441065,-6.417106918238994,0.15019011406844107,-0.619454926624738
25,168,10,4,0.27977315689981097,0.019454176654988015,1.0,-7.297990042411949,1.0,-7.297990042411949,0.14366729678638943,-0.691038170754195
41,200,14,4,0.3079922027290448,0.031612645058023206,1.0,-8.003601440576231,1.0,-8.003601440576231,-0.33723196881091616,-0.7477991196478592
5,128,23,4,0.26556016597510373,0.03848762292302475,-3.7946058091286305,-4.531705662936589,-3.929460580912863,-4.568497795863005,-3.724066390041494,-1.0141573414716853
34,88,18,4,0.13609467455621302,0.11488687384452857,0.9763313609467456,-6.922176247909147,0.980276134122288,-6.922352319746457,-3.546351084812623,-1.9143410511488688
12,79,15,4,0.2568627450980392,0.052197114983740515,-3.8,-6.090386058534145,-3.664705882352941,-6.110731259901609,-3.888235294117647,-1.2037855415659136
17,191,5,4,0.5210727969348659,0.32382798080472497,1.0,-7.305647840531561,1.0,-7.305647840531561,0.1781609195402299,-0.7069029162052418
33,164,5,4,0.46611909650924027,0.3352390421741652,1.0,-6.457121551081283,1.0,-6.457121551081283,0.17864476386036962,-0.6033639903885989
20,98,13,4,0.30019880715705766,0.037397921306607275,0.7813121272365805,-7.340014847809948,0.7992047713717694,-7.341221232368226,-3.524850894632207,-1.108574610244989
17,107,20,4,0.2796610169491525,0.053646979184295146,-3.4216101694915255,-6.2860890167541035,-3.2966101694915255,-6.300389236757488,-4.5,-1.2331189710610932
1,238,16,4,0.33548387096774196,0.020760937360776974,-0.8494623655913979,-3.881582464581663,-1.1225806451612903,-3.9891294662746146,0.18494623655913978,-0.6138287445424575
23,188,7,4,0.3060796645702306,0.011326567596955418,1.0,-7.155128669807901,1.0,-7.155128669807901,0.18867924528301888,-0.6594780717651323
25,161,23,4,0.24394785847299813,0.04009858754384302,-0.851024208566108,-7.403924542610674,-0.7802607076350093,-7.409612285524695,-3.387337057728119,-1.1864631718646317
49,134,19,4,0.22289156626506024,0.046477981734334026,1.0,-7.1381680079573195,1.0,-7.1381680079573195,-4.240963855421687,-1.4189348042318473
46,150,24,4,0.2607879924953096,0.05563120015561175,0.9943714821763602,-7.752869091616417,0.9943714821763602,-7.752869091616417,-4.1726078799249535,-1.7094923166699085
43,146,12,4,0.32879377431906615,0.03847487001733102,1.0,-6.79896013864818,1.0,-6.79896013864818,-0.791828793774319,-0.676949740034662
26,200,21,4,0.29446640316205536,0.03623989791578052,0.04940711462450593,-6.604593789876648,0.10474308300395258,-6.607996597192684,-0.9861660079051383,-0.6547851977881752
33,134,9,4,0.3182711198428291,0.03021709368276941,1.0,-7.801095247408567,1.0,-7.801095247408567,-0.2318271119842829,-0.734598083317035
34,188,8,4,0.2570281124497992,0.010356454720616571,1.0,-6.22543352601156,1.0,-6.22543352601156,0.1706827309236948,-0.5386159280667951
23,116,7,4,0.3146997929606625,0.02215832205683356,1.0,-6.611637347767253,1.0,-6.611637347767253,0.17184265010351968,-0.5675744248985115
32,121,16,4,0.2745490981963928,0.037132809267687215,0.9899799599198397,-8.308440215142738,0.9899799599198397,-8.308440215142738,-4.292585170340681,-1.522445179975176
18,139,12,4,0.34368932038834954,0.036044362292051754,0.6640776699029126,-7.2999075785582255,0.7126213592233009,-7.302772643253235,-0.458252427184466,-0.6839186691312384
19,218,19,4,0.34104046242774566,0.03345473024477005,-1.5626204238921002,-6.4453290420936735,-1.3815028901734103,-6.460066062505294,-0.07707129094412331,-0.5944778521216227
38,130,19,4,0.23577235772357724,0.03728133065672498,0.9939024390243902,-7.603097218239174,0.9939024390243902,-7.603097218239174,-4.471544715447155,-1.4946945798680815
11,84,9,4,0.3340122199592668,0.0375916393698331,-0.42362525458248473,-5.9459522695367335,-0.29327902240325865,-5.953283419123382,-0.6334012219959266,-0.5691779753548588
35,217,11,4,0.3072033898305085,0.01865739893908908,1.0,-7.231205414304005,1.0,-7.231205414304005,0.16101694915254236,-0.6326138650082312
47,216,13,4,0.31556503198294245,0.025910491030983872,1.0,-7.153651023736184,1.0,-7.153651023736184,0.11727078891257996,-0.6169595941293713
2,175,13,4,0.31910946196660483,0.02525363917071019,-1.280148423005566,-5.251543890604323,-1.6196660482374767,-5.413872959858844,-0.14100185528756956,-0.851896779885311
2,74,24,4,0.17281553398058253,0.10300958891104149,-1.3805825242718446,-4.277508781923479,-1.5844660194174758,-4.355644165954619,-3.5067961165048542,-2.1707965441944364
42,111,23,4,0.1888412017167382,0.10340568201870479,0.9678111587982833,-6.939385918475383,0.9721030042918455,-6.939562378683607,-4.087982832618025,-1.9104464443268043
45,129,24,4,0.22,0.07698196665532495,0.986,-6.655069751616196,0.986,-6.655069751616196,-4.05,-1.590932289894522
2,63,8,4,0.3058823529411765,0.04264625478403499,-2.1137254901960785,-4.505649717514125,-2.4529411764705884,-4.635775469291052,-1.8411764705882352,-0.8329688354291963
28,191,20,4,0.3684210526315789,0.04425170369059209,0.5769980506822612,-6.943357819276042,0.5984405458089669,-6.944508363571997,-1.3625730994152048,-0.6997964421630233
2,111,19,4,0.31643002028397565,0.041021386430678465,-1.3671399594320486,-4.276917404129794,-1.4787018255578093,-4.326880530973451,-3.817444219066937,-1.1232485250737463
10,109,14,4,0.3333333333333333,0.043337484433374845,-4.651072124756335,-5.891407222914072,-4.538011695906433,-5.9212951432129515,-1.7173489278752436,-0.7305105853051058
11,80,23,4,0.20267686424474188,0.12288847970538788,-5.382409177820268,-5.1294532063085425,-5.420650095602294,-5.170042430549996,-3.6845124282982793,-1.5920262589064127
30,96,8,4,0.2842535787321063,0.03509406657018813,1.0,-7.140376266280753,1.0,-7.140376266280753,-1.4212678936605316,-0.7520803183791607
48,109,13,4,0.26954732510288065,0.04721067221067221,1.0,-6.796257796257796,1.0,-6.796257796257796,-4.176954732510288,-1.225918225918226
44,231,12,4,0.332,0.01983306531893713,1.0,-5.891798759476223,1.0,-5.891798759476223,0.178,-0.4857952370013018
5,161,22,4,0.32796780684104626,0.04235082996859578,-3.6217303822937628,-4.852938537460744,-3.7404426559356136,-4.895468820098699,-2.3138832997987926,-0.8611036339165545
1,213,23,4,0.33974358974358976,0.034364019676739285,-1.2435897435897436,-3.0737174982431483,-1.3867521367521367,-3.116233309908644,-0.0405982905982906,-0.4208713984539705
2,148,12,4,0.3301158301158301,0.024411340701585776,-1.4787644787644787,-4.593368572801538,-1.893822393822394,-4.73618452666987,-0.0637065637065637,-0.7009130225852955
37,91,23,4,-0.06262626262626263,0.17818352059925094,0.8929292929292929,-7.421816479400749,0.9090909090909091,-7.422565543071161,-2.8848484848484848,-2.425936329588015
47,198,6,4,0.3050847457627119,0.012481910274963821,1.0,-7.140376266280753,1.0,-7.140376266280753,0.1977401129943503,-0.6712192474674384
23,93,8,4,0.3669201520912547,0.04233452762587215,1.0,-7.485762775787291,1.0,-7.485762775787291,-1.2224334600760456,-0.7762587214784085
22,173,6,4,0.31758034026465026,0.012558719202377529,1.0,-7.628127696289905,1.0,-7.628127696289905,0.20982986767485823,-0.7359792924935289
44,210,11,4,0.2982107355864811,0.01844055237453688,1.0,-6.578309195015157,1.0,-6.578309195015157,0.20675944333996024,-0.5791512293701583
7,93,22,4,0.22245322245322247,0.0703524832408275,-4.906444906444906,-4.068262091833057,-4.968814968814969,-4.103005838679449,-3.945945945945946,-0.979168168384632
34,134,22,4,0.28515625,0.053610304789550076,0.8046875,-7.154027576197388,0.826171875,-7.155025399129173,-4.224609375,-1.4051161103047896
31,107,14,4,0.2685370741482966,0.04182084157989846,1.0,-6.7446002925737885,1.0,-6.7446002925737885,-3.6372745490981964,-1.0407882282075553
24,133,24,4,0.23107569721115537,0.05213361652828732,-1.6653386454183268,-7.493145394863873,-1.5637450199203187,-7.5018343309519215,-4.47011952191235,-1.6134388878161807
4,145,13,4,0.3158953722334004,0.030080628488732684,-3.9175050301810863,-5.7674178209634075,-4.311871227364185,-5.897870580938599,-0.6458752515090543,-0.80256357246227
10,109,23,4,0.24649298597194388,0.06392523364485982,-5.629258517034068,-4.635663551401869,-5.635270541082164,-4.662728971962617,-3.6813627254509016,-0.9774205607476636
11,93,7,4,0.32553191489361705,0.0258578230175669,0.5957446808510638,-6.369972089968806,0.6872340425531915,-6.373994417993761,0.13404255319148936,-0.5466261697586603
30,111,22,4,0.22574257425742575,0.08013881042692277,0.5128712871287129,-6.239690097651521,0.5306930693069307,-6.240819949963683,-4.116831683168317,-1.3495278831409894
19,170,20,4,0.3319838056680162,0.039460539460539464,-2.1497975708502026,-6.284215784215784,-2.054655870445344,-6.292540792540793,-1.3643724696356276,-0.6811521811521811
37,146,17,4,0.31086142322097376,0.04927536231884058,0.9962546816479401,-6.904962670180061,0.9962546816479401,-6.904962670180061,-2.5224719101123596,-0.9061045234958278
15,95,11,4,0.3223938223938224,0.04006268978352434,0.305019305019305,-7.7725536291507495,0.37065637065637064,-7.776765598981291,-2.66988416988417,-1.0220393770202763
12,160,7,4,0.29,0.0105409380617748,0.828,-6.346543552868115,0.86,-6.348014381434875,0.184,-0.56773982676908
20,219,14,4,0.3065843621399177,0.018241151368086354,0.5246913580246914,-6.507907288093047,0.5740740740740741,-6.510752238306418,0.18518518518518517,-0.5725880679441051
8,148,23,4,0.2875,0.035458991723100075,-5.364583333333333,-5.650206922498119,-5.458333333333333,-5.691309255079007,-3.7125,-1.1252821670428894
34,99,7,4,0.348,0.03968878398461404,1.0,-6.867820613690008,1.0,-6.867820613690008,-0.628,-0.6372060494798496
15,230,20,4,0.3575757575757576,0.03634192117386112,-4.292929292929293,-6.18358641869988,-4.163636363636364,-6.209179320934994,-0.07676767676767676,-0.5769493260535745
8,226,10,4,0.30103092783505153,0.013998970663921771,-4.954639175257732,-7.556664951106536,-4.635051546391753,-7.64426145136387,0.16288659793814433,-0.7695316520844055
44,108,14,4,0.25206611570247933,0.04962610469068661,1.0,-6.647858599592114,1.0,-6.647858599592114,-4.196280991735537,-1.2256118286879674
2,71,9,4,0.3065217391304348,0.035507627564439766,-2.3195652173913044,-4.291951604418727,-2.6782608695652175,-4.400666315974049,-1.95,-0.7309310889005787
22,231,8,4,0.4704761904761905,0.3389327224908798,1.0,-6.635530669381522,1.0,-6.635530669381522,0.17523809523809525,-0.6263680325782642
48,184,11,4,0.31670281995661603,0.02514634347431775,1.0,-6.4202325006183525,1.0,-6.4202325006183525,0.11496746203904555,-0.5373072800725534
22,72,7,4,0.31736526946107785,0.042282970649732826,1.0,-5.969720436769148,1.0,-5.969720436769148,-1.2435129740518962,-0.5942848292418493
50,238,23,4,0.3033932135728543,0.037356076759061836,0.998003992015968,-6.675820895522388,0.998003992015968,-6.675820895522388,-1.0538922155688624,-0.6630277185501066
13,67,9,4,0.26156941649899396,0.03806894243641232,0.45271629778672035,-6.503263052208835,0.5130784708249497,-6.506275100401607,-2.8953722334004026,-0.8942436412315931
48,134,5,4,0.2777777777777778,0.014232793916942875,1.0,-7.773640085786703,1.0,-7.773640085786703,0.19658119658119658,-0.6941899005654124
37,106,11,4,0.3154639175257732,0.045091554408324595,1.0,-6.259820924417197,1.0,-6.259820924417197,-2.465979381443299,-0.7510688069694281
2,172,19,4,0.3463114754098361,0.03717434869739479,-1.4200819672131149,-4.686072144288577,-1.5512295081967213,-4.7536072144288575,-1.584016393442623,-0.8524048096192385
47,141,22,4,0.2326454033771107,0.0528014343343792,0.9962476547842402,-7.067951591214702,0.9962476547842402,-7.067951591214702,-3.8611632270168856,-1.4630210667861945
17,229,14,4,0.2993762993762994,0.01650849350027913,-0.27442827442827444,-6.113087168035729,-0.18087318087318088,-6.119547013318447,0.19126819126819128,-0.5365659143472367
33,120,22,4,0.2288888888888889,0.06546340065893139,0.7244444444444444,-5.4362555507806904,0.74,-5.436900157570548,-4.286666666666667,-0.9615384615384616
8,112,25,4,0.23224568138195778,0.05161432022842082,-4.769673704414587,-6.50329453107841,-4.863723608445298,-6.558642653195695,-4.211132437619962,-2.275532615857676
31,189,13,4,0.3150943396226415,0.028035647976234684,1.0,-7.354994430003713,1.0,-7.354994430003713,0.03207547169811321,-0.6795395469736354
12,217,5,4,0.534,0.2937525191455058,1.0,-6.255139056831923,1.0,-6.255139056831923,0.168,-0.5279322853688029
5,120,7,4,0.3141683778234086,0.016396213657876944,-5.480492813141684,-5.80316091954023,-5.209445585215605,-5.911511156186613,0.1704312114989733,-0.5925456389452333
18,134,22,4,0.3033932135728543,0.04902272366121087,-3.2355289421157685,-5.825361512791991,-3.1457085828343314,-5.837676783727952,-3.281437125748503,-0.8969489909423168
23,166,8,4,0.30174081237911027,0.01468189233278956,1.0,-6.727311754099768,1.0,-6.727311754099768,0.20309477756286268,-0.6185283764059415
6,92,22,4,0.2391304347826087,0.06944444444444445,-4.112648221343873,-4.762767425810904,-4.256916996047431,-4.807712215320911,-4.120553359683795,-1.4757591442374052
38,108,16,4,0.2878787878787879,0.05321023919429291,1.0,-6.553503986571548,1.0,-6.553503986571548,-4.588744588744588,-1.2158623583718002
50,163,20,4,0.2544731610337972,0.04092543091529173,1.0,-7.295695455802378,1.0,-7.295695455802378,-3.727634194831014,-1.1572495160844318
14,224,23,4,0.31875,0.037515425750719866,-5.46875,-5.689181406828466,-5.402083333333334,-5.71600164541341,-0.4479166666666667,-0.5925956396544632
47,109,19,4,0.19375,0.08902979240858161,1.0,-6.81725006514375,1.0,-6.81725006514375,-4.2875,-1.7275254060627117
31,190,20,4,0.3044315992292871,0.03510375719901271,0.7976878612716763,-7.217113081634519,0.8092485549132948,-7.217661577840754,-1.6358381502890174,-0.792851266112076
16,145,13,4,0.36561264822134387,0.035686653771760155,-0.2608695652173913,-7.619439071566731,-0.12648221343873517,-7.63027079303675,-0.7865612648221344,-0.7627659574468085
18,117,22,4,0.26262626262626265,0.05215319449346982,-3.5575757575757576,-6.552506177197317,-3.4606060606060605,-6.568566890222379,-4.177777777777778,-1.3664842922696787
50,239,19,4,0.3428030303030303,0.03955436566197426,1.0,-6.772691942309353,1.0,-6.772691942309353,-0.2689393939393939,-0.6253562483806892
22,231,5,4,0.4807692307692308,0.3060719699992021,1.0,-6.181042048990665,1.0,-6.181042048990665,0.16923076923076924,-0.5452006702305913
23,228,19,4,0.3326612903225806,0.03071900895622332,-0.2217741935483871,-6.468904327446221,-0.1350806451612903,-6.474261320833682,-0.004032258064516129,-0.5672553779191429
45,186,23,4,0.2922465208747515,0.03634253058308778,0.9880715705765407,-7.035896062148406,0.9880715705765407,-7.035896062148406,-3.308151093439364,-0.9880346459505313
8,109,24,4,0.23772102161100198,0.05485307212822796,-4.866404715127701,-5.204808548530721,-5.005893909626719,-5.246838824577026,-4.284872298624754,-1.4727515583259128
49,179,7,4,0.328159645232816,0.014795112625716898,1.0,-6.480674923115285,1.0,-6.480674923115285,0.17960088691796008,-0.5394397805668689
30,228,8,4,0.2688588007736944,0.011360679906339433,1.0,-6.80504726389732,1.0,-6.80504726389732,0.2205029013539652,-0.6224091579221229
17,161,13,4,0.3111111111111111,0.028855544703897718,0.10505050505050505,-6.941933765426618,0.20202020202020202,-6.947971233241588,-0.028282828282828285,-0.615732930835479
22,227,17,4,0.3326612903225806,0.030036779730281977,0.1350806451612903,-8.139149979566817,0.2056451612903226,-8.144564773191663,-0.2842741935483871,-0.7470371883939517
40,121,16,5,0.17300380228136883,0.02272536687631027,1.0,-6.547169811320755,1.0,-6.547169811320755,-4.403041825095057,-1.1340041928721174
50,186,22,5,0.16068052930056712,0.017149179420984696,0.996219281663516,-7.297805642633229,0.996219281663516,-7.297805642633229,-4.11531190926276,-1.125668449197861
28,226,15,5,0.1871345029239766,0.010104041616646658,0.9122807017543859,-7.998999599839936,0.9239766081871345,-7.999599839935974,-0.20077972709551656,-0.6512605042016807
16,203,16,5,0.2157676348547718,0.01102068497795863,-3.0622406639004147,-6.3645303492709395,-2.9356846473029043,-6.376229230247541,-0.17842323651452283,-0.485334011529332
21,148,21,5,0.14398422090729784,0.0181353992428911,-2.812623274161736,-6.65710009683951,-2.7357001972386588,-6.663966898494586,-4.218934911242603,-1.0417290254423806
2,109,5,5,0.18823529411764706,0.007754523472025348,-3.092156862745098,-4.322938380722088,-3.9098039215686273,-4.517968815142166,0.17058823529411765,-0.4525973484532644
33,238,7,5,0.1839080459770115,0.008397932816537468,1.0,-7.305647840531561,1.0,-7.305647840531561,0.16283524904214558,-0.5623846437799926
28,175,13,5,0.20739219712525667,0.0111028254204988,0.9835728952772074,-6.456458695832298,0.9856262833675564,-6.456541552738421,-0.1273100616016427,-0.49415858811831964
29,201,17,5,0.1988071570576541,0.012156644394951744,0.831013916500994,-7.34326280623608,0.8369781312127237,-7.343634001484781,-1.0854870775347913,-0.6487564959168522
2,124,5,5,0.1864406779661017,0.007192418344897614,-3.264830508474576,-4.385936706718565,-4.0974576271186445,-4.583262819427992,0.1292372881355932,-0.45870705703164666
34,102,5,5,0.23440860215053763,0.009712198164483649,1.0,-7.019246190858059,1.0,-7.019246190858059,0.07526881720430108,-0.5143900917758175
29,223,5,5,0.29979035639413,0.013138818412468285,1.0,-7.155128669807901,1.0,-7.155128669807901,0.16142557651991615,-0.5373323667995651
9,188,23,5,0.12849162011173185,0.010048345814769172,-5.478584729981378,-5.77381742345246,-5.4916201117318435,-5.801592568015925,-2.8789571694599627,-0.8986633804152052
11,166,9,5,0.19879518072289157,0.009223257075684962,-1.6144578313253013,-6.9798354281580615,-1.3795180722891567,-6.997829821864545,0.1686746987951807,-0.5406456279952979
38,220,9,5,0.17823639774859287,0.008558646177786422,1.0,-7.753160863645205,1.0,-7.753160863645205,0.17636022514071295,-0.6352849640147831
35,107,17,5,0.16926070038910507,0.042114384748700176,0.9766536964980544,-6.7979202772963605,0.9785992217898832,-6.798006932409012,-4.749027237354086,-1.4649046793760832
46,180,13,5,0.18379446640316205,0.010293492131008082,1.0,-6.656316461080391,1.0,-6.656316461080391,-0.4841897233201581,-0.5323692045937899
47,224,9,5,0.13948919449901767,0.005867396831605711,1.0,-7.801095247408567,1.0,-7.801095247408567,0.18271119842829076,-0.638079405437121
42,112,10,5,0.18072289156626506,0.013808606294155427,1.0,-6.22543352601156,1.0,-6.22543352601156,-2.674698795180723,-0.6687540141297367
46,170,22,5,0.16977225672877846,0.016745602165087956,0.9855072463768116,-6.611045331529094,0.9855072463768116,-6.611045331529094,-4.532091097308489,-0.9972936400541272
29,84,10,5,0.1963927855711423,0.022341745966073644,0.9979959919839679,-8.30895738518825,0.9979959919839679,-8.30895738518825,-5.258517034068136,-1.6490484071162599
4,60,16,5,0.1203883495145631,0.06839186691312385,-3.70873786407767,-4.824029574861368,-4.027184466019418,-4.905268022181146,-4.477669902912622,-1.9589648798521258
24,97,13,5,0.16955684007707128,0.018633014313542813,0.8998073217726397,-6.6178538155331585,0.9075144508670521,-6.6181925976115865,-4.105973025048169,-1.0153298890488693
10,154,15,5,0.16666666666666666,0.010037281330656725,-6.3516260162601625,-6.640378548895899,-6.2682926829268295,-6.6684829366217375,-1.7235772357723578,-0.7207723926966829
9,199,12,5,0.21792260692464357,0.009046950553735767,-5.708757637474542,-5.421073155513961,-5.560081466395112,-5.458820776789892,0.17311608961303462,-0.4114802682888785
47,180,18,5,0.1843220338983051,0.013444302176696543,1.0,-7.231205414304005,1.0,-7.231205414304005,-3.544491525423729,-0.852752880921895
7,158,17,5,0.20042643923240938,0.01322703388294981,-6.285714285714286,-5.471190433049466,-6.3965884861407245,-5.5033520565319805,-1.9381663113006398,-0.6699583257836564
15,68,21,5,-0.18738404452690166,0.14490516100573445,-5.784786641929499,-7.958645787384208,-5.541743970315399,-8.042236435818262,-2.6363636363636362,-3.1425893250992503
27,120,6,5,0.22330097087378642,0.009968669894616918,1.0,-7.5445741953859295,1.0,-7.5445741953859295,0.07378640776699029,-0.5896705591949112
49,154,14,5,0.19742489270386265,0.011822833950944063,1.0,-6.940709370037057,1.0,-6.940709370037057,-3.2317596566523603,-0.7691018175401447
20,204,23,5,0.192,0.012334127254168084,-4.176,-6.25910173528411,-4.086,-6.268628785301122,-2.212,-0.6715719632528071
14,146,8,5,0.16470588235294117,0.007289958082741024,0.7450980392156863,-7.188354291962821,0.7784313725490196,-7.190267905959541,0.1803921568627451,-0.5565882996172772
47,120,5,5,0.24366471734892786,0.011770953181697495,1.0,-6.965306664306576,1.0,-6.965306664306576,0.1617933723196881,-0.5009292857775024
49,109,11,5,0.15415821501014199,0.018436578171091445,1.0,-7.29646017699115,1.0,-7.29646017699115,-5.095334685598377,-1.2665929203539823
4,86,19,5,0.15984405458089668,0.039103362391033625,-3.2339181286549707,-4.20398505603985,-3.413255360623782,-4.251556662515567,-4.799220272904483,-1.3046907430469075
47,168,22,5,0.18164435946462715,0.022256024337523016,0.9904397705544933,-6.204787446961813,0.9904397705544933,-6.204787446961813,-3.887189292543021,-0.9161796493475303
37,139,24,5,0.17177914110429449,0.03771707670043415,0.5541922290388548,-7.118397250361794,0.5807770961145194,-7.119844428364689,-5.259713701431493,-1.5738060781476122
28,80,18,5,0.024691358024691357,0.11616424116424116,0.5205761316872428,-6.773475398475399,0.5699588477366255,-6.775900900900901,-4.111111111111111,-1.9652633402633402
8,164,20,5,0.21,0.013860173060724405,-5.696,-4.54399264874799,-5.75,-4.5665824335707175,-1.504,-0.527452331725247
2,78,11,5,0.17706237424547283,0.01417676087931808,-2.2253521126760565,-4.311978465679677,-2.454728370221328,-4.375863615971287,-3.6619718309859155,-0.9160161507402422
38,149,17,5,0.19444444444444445,0.01567111735769501,1.0,-5.324666198172874,1.0,-5.324666198172874,-2.356837606837607,-0.5089950808151792
42,163,21,5,0.18725868725868725,0.017107160019221527,0.9691119691119691,-7.6480538202787125,0.9691119691119691,-7.6480538202787125,-4.671814671814672,-1.33022585295531
17,223,25,5,0.17575757575757575,0.012078651685393259,-6.0464646464646465,-6.609269662921348,-6.016161616161616,-6.622097378277154,-2.804040404040404,-0.8030898876404494
37,188,14,5,0.2297551789077213,0.014924023154848046,1.0,-7.140376266280753,1.0,-7.140376266280753,-0.5555555555555556,-0.5820369030390738
37,192,18,5,0.24904942965779467,0.01725438431076749,0.9790874524714829,-7.4847256270035825,0.9809885931558935,-7.484819913256647,-2.285171102661597,-0.7863473505562889
23,192,17,5,0.21928166351606806,0.014284344741635509,-0.062381852551984876,-7.563129134311188,-0.022684310018903593,-7.566005176876618,-1.3100189035916825,-0.7073147349247435
40,188,25,5,0.18886679920477137,0.019198383294038397,0.6719681908548708,-6.563068373189626,0.6858846918489065,-6.563742000673628,-3.944333996023857,-0.9416470191983833
44,179,15,5,0.18295218295218296,0.011677358898579975,1.0,-5.487421610322208,1.0,-5.487421610322208,-0.4074844074844075,-0.4003459958192172
1,70,5,5,0.205078125,0.00997822931785196,-0.419921875,-3.768232946298984,-0.865234375,-3.9863933236574747,0.037109375,-0.5351052249637155
3,96,13,5,0.16633266533066132,0.013768178297908959,-3.1743486973947896,-4.401858704070218,-3.3887775551102206,-4.452628861543757,-3.05811623246493,-0.7849582652095345
8,129,19,5,0.15737051792828685,0.016895153504537557,-6.027888446215139,-5.900656497393319,-6.087649402390438,-5.934639891871018,-4.5458167330677295,-1.1884533693763275
6,227,13,5,0.19114688128772636,0.008993177589414926,-6.164989939637827,-6.404796361381021,-6.3762575452716295,-6.500826958858797,0.1006036217303823,-0.676659086210461
43,101,24,5,-0.24048096192384769,0.18818691588785047,0.8997995991983968,-5.725009345794392,0.905811623246493,-5.725233644859813,-3.5370741482965933,-1.6911401869158877
3,221,5,5,0.26382978723404255,0.010261040879986865,-5.882978723404255,-4.936217369890001,-6.24468085106383,-5.091692661303562,0.15319148936170213,-0.39697914956493185
9,234,23,5,0.19603960396039605,0.010652893228956501,-5.8316831683168315,-4.838915341780324,-5.899009900990099,-4.862803647808893,-0.5702970297029702,-0.4951981276733113
31,220,23,5,0.17813765182186234,0.01257076257076257,-0.06680161943319839,-6.441142191142191,-0.02631578947368421,-6.443223443223443,-1.6680161943319838,-0.6217116217116218
42,234,8,5,0.20599250936329588,0.009398331137461573,1.0,-6.905138339920948,1.0,-6.905138339920948,0.15168539325842698,-0.5148880105401844
47,137,18,5,0.1776061776061776,0.02850426094622392,0.9980694980694981,-7.815652855323734,0.9980694980694981,-7.815652855323734,-4.899613899613899,-1.6278773631109804
50,124,10,5,0.2,0.013319169798986763,1.0,-6.354142833796372,1.0,-6.354142833796372,-2.262,-0.6678378820068639
25,153,9,5,0.205761316872428,0.008367500627562547,1.0,-6.530750564806293,1.0,-6.530750564806293,0.13786008230452676,-0.47058823529411764
1,109,12,5,0.175,0.01062829194883371,-0.9333333333333333,-4.091610233258089,-1.0833333333333333,-4.157072987208427,-2.0833333333333335,-0.7562076749435666
12,168,22,5,0.178,0.012063991607658012,-6.546,-5.73607832852522,-6.528,-5.756534662120814,-3.202,-0.8133578109974648
5,222,12,5,0.2,0.008189728715236308,-5.3090909090909095,-5.0181709605869305,-5.553535353535353,-5.098020815560485,0.1393939393939394,-0.46954444634021497
26,125,19,5,0.17938144329896907,0.02254246011322697,-0.13195876288659794,-8.194853319608852,-0.08453608247422681,-8.197941327843541,-5.441237113402062,-1.719094184251158
21,107,22,5,0.14256198347107438,0.051835486063902106,-3.477272727272727,-6.358174711080897,-3.309917355371901,-6.370241332426921,-5.132231404958677,-1.5079877634262406
50,224,5,5,0.2717391304347826,0.011485183236892864,1.0,-6.890583903208838,1.0,-6.890583903208838,0.16521739130434782,-0.4907943187795897
24,135,24,5,0.2038095238095238,0.03902604564350556,-2.5238095238095237,-6.395775006362943,-2.4514285714285715,-6.402562144735726,-4.725714285714286,-1.2903198438958174
49,212,9,5,0.19739696312364424,0.007585126556187649,1.0,-6.4202325006183525,1.0,-6.4202325006183525,0.12147505422993492,-0.4297139088135873
46,174,22,5,0.2155688622754491,0.021915898706729654,0.9920159680638723,-5.969410671416402,0.9920159680638723,-5.969410671416402,-3.588822355289421,-0.768760164175637
44,180,17,5,0.18762475049900199,0.013475479744136461,0.998003992015968,-6.675820895522388,0.998003992015968,-6.675820895522388,-2.0518962075848304,-0.6584221748400853
30,116,5,5,0.15090543259557343,0.006358768406961178,1.0,-6.530120481927711,1.0,-6.530120481927711,0.16901408450704225,-0.4861111111111111
8,184,24,5,0.1794871794871795,0.012575550789627608,-5.594017094017094,-5.667868980308052,-5.660256410256411,-5.694482355234938,-4.19017094017094,-0.9991226359914214
33,128,13,5,0.19381443298969073,0.013874324433330644,1.0,-6.259820924417197,1.0,-6.259820924417197,-2.4783505154639176,-0.6421714931031701
43,204,22,5,0.17418032786885246,0.013026052104208416,0.9713114754098361,-8.016533066132265,0.9733606557377049,-8.016733466933868,-4.213114754098361,-1.0867735470941884
31,118,13,5,0.16322701688555347,0.01541909457642313,0.9962476547842402,-7.067951591214702,0.9962476547842402,-7.067951591214702,-3.4090056285178236,-0.9390407888839085
37,93,20,5,-0.02494802494802495,0.11986601802376586,0.893970893970894,-6.173458808517426,0.9085239085239085,-6.174017066751735,-4.257796257796258,-1.7329930616476592
4,161,15,5,0.22,0.010027216731127346,-4.286666666666667,-3.7556224036670964,-4.52,-3.7940839421286348,-0.06,-0.3563243088382753
20,96,7,5,0.18042226487523993,0.011530858774434438,1.0,-8.883593235229519,1.0,-8.883593235229519,-1.761996161228407,-0.8872172194157698
7,81,10,5,0.14528301886792452,0.01318232454511697,-6.032075471698113,-6.397604901596733,-5.922641509433962,-6.441700705532863,-2.9924528301886792,-0.9065168956554029
43,108,5,5,0.212,0.00999596936719065,1.0,-6.255139056831923,1.0,-6.255139056831923,0.094,-0.41765417170495767
10,235,13,5,0.21765913757700206,0.008958755916159567,-5.634496919917864,-5.997802569303584,-5.449691991786447,-6.034398242055443,0.14168377823408623,-0.4791244083840433
1,88,13,5,0.18562874251497005,0.01652629906245034,-1.0079840319361277,-3.4472429683775623,-1.155688622754491,-3.497060225647545,-2.9121756487025947,-0.7032416971237884
45,128,14,5,0.19729206963249515,0.017515239975959475,1.0,-6.727311754099768,1.0,-6.727311754099768,-4.013539651837524,-0.9835150682579205
36,123,6,5,0.2075098814229249,0.009230503795721188,1.0,-6.763975155279503,1.0,-6.763975155279503,0.1482213438735178,-0.48783643892339545
40,231,11,5,0.21861471861471862,0.008644565673520772,1.0,-6.553503986571548,1.0,-6.553503986571548,0.1277056277056277,-0.4480067142257658
23,183,17,5,0.1709741550695825,0.01142962485021661,-0.12922465208747516,-7.233754263065721,-0.09542743538767395,-7.2360586229145545,-1.4035785288270377,-0.6732417734353396
7,137,20,5,0.17291666666666666,0.013821472645002057,-5.6375,-4.750308515014398,-5.727083333333334,-4.779679144385026,-3.497916666666667,-0.793006993006993
20,188,20,5,0.1875,0.01216016676800139,-3.00625,-6.559107096325892,-2.933333333333333,-6.565534613046122,-1.9895833333333333,-0.6473551637279596
31,86,24,5,-0.40847784200385356,0.15028796050827314,-0.3737957610789981,-7.146905567236494,-0.22736030828516376,-7.156778498948715,-2.8034682080924855,-2.4435505987750252
9,99,19,5,0.20948616600790515,0.03239845261121857,-6.322134387351778,-6.1308510638297875,-6.361660079051384,-6.172630560928433,-5.164031620553359,-1.6600580270793037
26,122,13,5,0.1696969696969697,0.012354394634662902,0.9636363636363636,-6.940522414401694,0.9636363636363636,-6.940522414401694,-3.0444444444444443,-0.8089481115425344
12,104,22,5,0.17803030303030304,0.04421798082735988,-6.267045454545454,-5.664478797823646,-6.304924242424242,-5.69246048881596,-4.702651515151516,-1.477588738233008
6,109,23,5,0.15384615384615385,0.0341498444107556,-4.013461538461539,-4.266576238729754,-4.176923076923077,-4.300965451208809,-4.5,-1.1394717944626187
41,175,25,5,0.16330645161290322,0.021260567506486985,0.782258064516129,-6.523394994559304,0.7862903225806451,-6.5236461036243405,-4.590725806451613,-1.0411818866661087
23,86,21,5,0.039761431411530816,0.09688365032592196,-1.9602385685884691,-6.845075453165461,-1.7852882703777335,-6.8574872756496115,-4.003976143141153,-2.0426823823555673
30,119,24,5,0.15520628683693516,0.06170970614425646,-0.5992141453831041,-6.923953695458593,-0.5225933202357563,-6.928317008014248,-4.738703339882122,-1.7375779162956366
25,205,18,5,0.2394678492239468,0.013049621810323332,-0.057649667405764965,-6.4327154849970904,-0.019955654101995565,-6.434793450253512,-0.6518847006651884,-0.49688305211536865
37,161,15,5,0.17988394584139264,0.013702194085508629,1.0,-6.80504726389732,1.0,-6.80504726389732,-1.7872340425531914,-0.6499002688405169
11,124,12,5,0.20606060606060606,0.013406730000887863,-4.331313131313132,-6.568942555269467,-4.195959595959596,-6.588031607919738,-1.1656565656565656,-0.6083636686495605
34,174,16,5,0.21169354838709678,0.014507560277891296,0.9899193548387096,-8.194319574989784,0.9899193548387096,-8.194319574989784,-2.9858870967741935,-0.9215365753984471


